Subject,Start Date,End Date,All Day Event,Location
Week #1 Nominations Close (CD),5/22/2024,5/22/2024,TRUE,
Week #1 Nominations Close (SAR),5/25/2024,5/25/2024,TRUE,
Week #1 Nominations Close (SA),5/30/2024,5/30/2024,TRUE,
Week #2 Nominations Close (BAQ),6/1/2024,6/1/2024,TRUE,
Week #2 Nominations Close (MTH),6/2/2024,6/2/2024,TRUE,
Draft #1 Opens,6/3/2024,6/3/2024,TRUE,
Week #3 Nominations Close (CD),6/5/2024,6/5/2024,TRUE,
Belmont S.-G1,6/8/2024,6/8/2024,TRUE,"Saratoga Racetrack, 267 Union Ave, Saratoga Springs, NY 12866"
True North H.-G2,6/8/2024,6/8/2024,TRUE,"Saratoga Racetrack, 267 Union Ave, Saratoga Springs, NY 12866"
Woody Stephens S.-G1,6/8/2024,6/8/2024,TRUE,"Saratoga Racetrack, 267 Union Ave, Saratoga Springs, NY 12866"
Metropolitan H.-G1,6/8/2024,6/8/2024,TRUE,"Saratoga Racetrack, 267 Union Ave, Saratoga Springs, NY 12866"
Ogden Phipps S.-G1,6/8/2024,6/8/2024,TRUE,"Saratoga Racetrack, 267 Union Ave, Saratoga Springs, NY 12866"
Suburban S.-G2,6/8/2024,6/8/2024,TRUE,"Saratoga Racetrack, 267 Union Ave, Saratoga Springs, NY 12866"
Summertime Oaks-G2,6/8/2024,6/8/2024,TRUE,"Santa Anita Park, 285 W Huntington Dr, Arcadia, CA 91007"
Draft #1 Closes,6/8/2024,6/8/2024,TRUE,
Matt Winn S.-G3,6/9/2024,6/9/2024,TRUE,"Churchill Downs, 700 Central Ave, Louisville, KY 40208"
Week #3 Nominations Close (TDN),6/12/2024,6/12/2024,TRUE,
Week #4 Nominations Close (CD),6/12/2024,6/12/2024,TRUE,
Salvator Mile-G3,6/15/2024,6/15/2024,TRUE,"Monmouth Park, 175 Oceanport Ave, Oceanport, NJ 07757"
Bed o' Roses Invitational-G2,6/15/2024,6/15/2024,TRUE,"Aqueduct Racetrack, 11000 Rockaway Blvd, Jamaica, NY 11420"
Week #14 Nominations Close (DMR),6/21/2024,6/21/2024,TRUE,
Week #5 Nominations Close (IND),6/21/2024,6/21/2024,TRUE,
Chicago H.-G3,6/22/2024,6/22/2024,TRUE,"Churchill Downs, 700 Central Ave, Louisville, KY 40208"
Ohio Derby-G3,6/22/2024,6/22/2024,TRUE,"Thistledown, 21501 Emery Rd, North Randall, OH 44128"
Week #4 Nominations Close (LRC),6/22/2024,6/22/2024,TRUE,
Week #5 Nominations Close (BAQ),6/22/2024,6/22/2024,TRUE,
Week #5 Nominations Close (DEL),6/22/2024,6/22/2024,TRUE,
Week #5 Nominations Close (PRM),6/22/2024,6/22/2024,TRUE,
Draft #2 Opens,6/25/2024,6/25/2024,TRUE,
Week #7 Nominations Close (Haskell),6/28/2024,6/28/2024,TRUE,
Fleur de Lis S.-G2,6/29/2024,6/29/2024,TRUE,"Churchill Downs, 700 Central Ave, Louisville, KY 40208"
Stephen Foster S.-G1,6/29/2024,6/29/2024,TRUE,"Churchill Downs, 700 Central Ave, Louisville, KY 40208"
Draft #2 Closes,6/29/2024,6/29/2024,TRUE,
Week #6 Nominations Close (SAR),6/29/2024,6/29/2024,TRUE,
Victory Ride S.-G3,7/4/2024,7/4/2024,TRUE,"Aqueduct Racetrack, 11000 Rockaway Blvd, Jamaica, NY 11420"
Brooklyn S.-G2,7/5/2024,7/5/2024,TRUE,"Aqueduct Racetrack, 11000 Rockaway Blvd, Jamaica, NY 11420"
Week #7 Nominations Close (MTH),7/5/2024,7/5/2024,TRUE,
John A. Nerud S.-G2,7/6/2024,7/6/2024,TRUE,"Aqueduct Racetrack, 11000 Rockaway Blvd, Jamaica, NY 11420"
Dwyer S.-G3,7/6/2024,7/6/2024,TRUE,"Aqueduct Racetrack, 11000 Rockaway Blvd, Jamaica, NY 11420"
Great Lady M S.-G2,7/6/2024,7/6/2024,TRUE,"Los Alamitos Race Course, 4961 Katella Ave, Cypress, CA 90720"
Prairie Meadows Cornhusker H.-G3,7/6/2024,7/6/2024,TRUE,"Prairie Meadows, 1 Prairie Meadows Dr, Altoona, IA 50009"
Delaware Oaks-G3,7/6/2024,7/6/2024,TRUE,"Delaware Park, 777 Delaware Park Blvd, Wilmington, DE 19804"
Indiana Oaks-G3,7/6/2024,7/6/2024,TRUE,"Horseshoe Indianapolis, 4200 N Michigan Rd, Shelbyville, IN 46176"
Indiana Derby-G3,7/6/2024,7/6/2024,TRUE,"Horseshoe Indianapolis, 4200 N Michigan Rd, Shelbyville, IN 46176"
Week #7 Nominations Close (SAR),7/6/2024,7/6/2024,TRUE,
Delaware H.-G2,7/7/2024,7/7/2024,TRUE,"Delaware Park, 777 Delaware Park Blvd, Wilmington, DE 19804"
Sanford S.-G3,7/13/2024,7/13/2024,TRUE,"Saratoga Racetrack, 267 Union Ave, Saratoga Springs, NY 12866"
Week #7 Nominations Close (Hon. Miss),7/13/2024,7/13/2024,TRUE,
Week #8 Nominations Close (MTH),7/13/2024,7/13/2024,TRUE,
Week #8 Nominations Close (SAR),7/13/2024,7/13/2024,TRUE,
Draft #3 Opens,7/16/2024,7/16/2024,TRUE,
Week #7 Nominations Close (DMR),7/18/2024,7/18/2024,TRUE,
Week #8 Nominations Close (DMR),7/18/2024,7/18/2024,TRUE,
CC American Oaks-G1,7/20/2024,7/20/2024,TRUE,"Saratoga Racetrack, 267 Union Ave, Saratoga Springs, NY 12866"
Molly Pitcher S.-G3,7/20/2024,7/20/2024,TRUE,"Monmouth Park, 175 Oceanport Ave, Oceanport, NJ 07757"
Monmouth Cup S.-G3,7/20/2024,7/20/2024,TRUE,"Monmouth Park, 175 Oceanport Ave, Oceanport, NJ 07757"
Haskell S.-G1,7/20/2024,7/20/2024,TRUE,"Monmouth Park, 175 Oceanport Ave, Oceanport, NJ 07757"
Draft #3 Closes,7/20/2024,7/20/2024,TRUE,
Week #9 Nominations Close (SAR),7/20/2024,7/20/2024,TRUE,
Shuvee S.-G2,7/21/2024,7/21/2024,TRUE,"Saratoga Racetrack, 267 Union Ave, Saratoga Springs, NY 12866"
Week #9 Nominations Close (MNR),7/23/2024,7/23/2024,TRUE,
Honorable Miss H.-G2,7/24/2024,7/24/2024,TRUE,"Saratoga Racetrack, 267 Union Ave, Saratoga Springs, NY 12866"
Cougar II H.-G3,7/25/2024,7/25/2024,TRUE,"Del Mar Racing, 2260 Jimmy Durante Blvd, Del Mar, CA 92014"
Week #11 Nominations Close (PRX),7/25/2024,7/25/2024,TRUE,
Week #9 Nominations Close (DMR),7/25/2024,7/25/2024,TRUE,
Amsterdam S.-G2,7/26/2024,7/26/2024,TRUE,"Saratoga Racetrack, 267 Union Ave, Saratoga Springs, NY 12866"
Alfred G. Vanderbilt H.-G1,7/27/2024,7/27/2024,TRUE,"Saratoga Racetrack, 267 Union Ave, Saratoga Springs, NY 12866"
Jim Dandy S.-G2,7/27/2024,7/27/2024,TRUE,"Saratoga Racetrack, 267 Union Ave, Saratoga Springs, NY 12866"
San Diego H.-G2,7/27/2024,7/27/2024,TRUE,"Del Mar Racing, 2260 Jimmy Durante Blvd, Del Mar, CA 92014"
Bing Crosby S.-G1,7/27/2024,7/27/2024,TRUE,"Del Mar Racing, 2260 Jimmy Durante Blvd, Del Mar, CA 92014"
Monmouth Oaks-G3,7/27/2024,7/27/2024,TRUE,"Monmouth Park, 175 Oceanport Ave, Oceanport, NJ 07757"
Week #10 Nominations Close (SAR),7/27/2024,7/27/2024,TRUE,
Week #10 Nominations Close (DMR),8/1/2024,8/1/2024,TRUE,
Week #11 Nominations Close (MTH),8/2/2024,8/2/2024,TRUE,
Week #12 Nominations Close (CT),8/2/2024,8/2/2024,TRUE,
Longines Test S.-G1,8/3/2024,8/3/2024,TRUE,"Saratoga Racetrack, 267 Union Ave, Saratoga Springs, NY 12866"
Whitney H.-G1,8/3/2024,8/3/2024,TRUE,"Saratoga Racetrack, 267 Union Ave, Saratoga Springs, NY 12866"
Clement L. Hirsch S.-G1,8/3/2024,8/3/2024,TRUE,"Del Mar Racing, 2260 Jimmy Durante Blvd, Del Mar, CA 92014"
Week #11 Nominations Close (SAR),8/3/2024,8/3/2024,TRUE,
West Virginia Derby-G3,8/4/2024,8/4/2024,TRUE,"Mountaineer Race Track, 1420 Mountaineer Cir, New Cumberland, WV 26047"
West Virginia Governor's S.-G3,8/4/2024,8/4/2024,TRUE,"Mountaineer Race Track, 1420 Mountaineer Cir, New Cumberland, WV 26047"
Adirondack S.-G3,8/4/2024,8/4/2024,TRUE,"Saratoga Racetrack, 267 Union Ave, Saratoga Springs, NY 12866"
Draft #4 Opens,8/6/2024,8/6/2024,TRUE,
Saratoga Special S.-G2,8/10/2024,8/10/2024,TRUE,"Saratoga Racetrack, 267 Union Ave, Saratoga Springs, NY 12866"
Sorrento S.-G3,8/10/2024,8/10/2024,TRUE,"Del Mar Racing, 2260 Jimmy Durante Blvd, Del Mar, CA 92014"
Draft #4 Closes,8/10/2024,8/10/2024,TRUE,
Week #12 Nominations Close (SAR),8/10/2024,8/10/2024,TRUE,
Best Pal S.-G3,8/11/2024,8/11/2024,TRUE,"Del Mar Racing, 2260 Jimmy Durante Blvd, Del Mar, CA 92014"
Week #12 Nominations Close (DMR),8/15/2024,8/15/2024,TRUE,
Alabama S.-G1,8/17/2024,8/17/2024,TRUE,"Saratoga Racetrack, 267 Union Ave, Saratoga Springs, NY 12866"
Philip H. Iselin S.-G3,8/17/2024,8/17/2024,TRUE,"Monmouth Park, 175 Oceanport Ave, Oceanport, NJ 07757"
Week #13 Nominations Close (SAR),8/17/2024,8/17/2024,TRUE,
Week #13 Nominations Close (DMR),8/22/2024,8/22/2024,TRUE,
Charles Town Classic S.-G2,8/23/2024,8/23/2024,TRUE,"Charles Town Racing, Hollywood Dr, Charles Town, WV 25438"
Charles Town Oaks S.-G2,8/23/2024,8/23/2024,TRUE,"Charles Town Racing, Hollywood Dr, Charles Town, WV 25438"
Personal Ensign S.-G1,8/23/2024,8/23/2024,TRUE,"Saratoga Racetrack, 267 Union Ave, Saratoga Springs, NY 12866"
Forego S.-G1,8/24/2024,8/24/2024,TRUE,"Saratoga Racetrack, 267 Union Ave, Saratoga Springs, NY 12866"
H. A. Jerkens Mem. S.-G1,8/24/2024,8/24/2024,TRUE,"Saratoga Racetrack, 267 Union Ave, Saratoga Springs, NY 12866"
Ballerina H.-G1,8/24/2024,8/24/2024,TRUE,"Saratoga Racetrack, 267 Union Ave, Saratoga Springs, NY 12866"
Travers S.-G1,8/24/2024,8/24/2024,TRUE,"Saratoga Racetrack, 267 Union Ave, Saratoga Springs, NY 12866"
Pat O'Brien S.-G2,8/24/2024,8/24/2024,TRUE,"Del Mar Racing, 2260 Jimmy Durante Blvd, Del Mar, CA 92014"
Rancho Bernardo H.-G3,8/25/2024,8/25/2024,TRUE,"Del Mar Racing, 2260 Jimmy Durante Blvd, Del Mar, CA 92014"
Draft #5 Opens,8/27/2024,8/27/2024,TRUE,
Week #15 Nominations Close (CD),8/28/2024,8/28/2024,TRUE,
Pacific Classic-G1,8/31/2024,8/31/2024,TRUE,"Del Mar Racing, 2260 Jimmy Durante Blvd, Del Mar, CA 92014"
Torrey Pines S.-G3,8/31/2024,8/31/2024,TRUE,"Del Mar Racing, 2260 Jimmy Durante Blvd, Del Mar, CA 92014"
Prioress S.-G3,8/31/2024,8/31/2024,TRUE,"Saratoga Racetrack, 267 Union Ave, Saratoga Springs, NY 12866"
Spinaway S.-G1,8/31/2024,8/31/2024,TRUE,"Saratoga Racetrack, 267 Union Ave, Saratoga Springs, NY 12866"
Draft #5 Closes,8/31/2024,8/31/2024,TRUE,
Jockey Club Gold Cup-G1,9/1/2024,9/1/2024,TRUE,"Saratoga Racetrack, 267 Union Ave, Saratoga Springs, NY 12866"
Hopeful S.-G1,9/2/2024,9/2/2024,TRUE,"Saratoga Racetrack, 267 Union Ave, Saratoga Springs, NY 12866"
Week #16 Nominations Close (PRX),9/4/2024,9/4/2024,TRUE,
Week #16 Nominations Close (CD),9/4/2024,9/4/2024,TRUE,
Del Mar Debutante S.-G1,9/7/2024,9/7/2024,TRUE,"Del Mar Racing, 2260 Jimmy Durante Blvd, Del Mar, CA 92014"
Week #16 Nominations Close (GP),9/7/2024,9/7/2024,TRUE,
Del Mar Futurity-G1,9/8/2024,9/8/2024,TRUE,"Del Mar Racing, 2260 Jimmy Durante Blvd, Del Mar, CA 92014"
Week #16 Nominations Close (RP),9/13/2024,9/13/2024,TRUE,
Iroquois S.-G3,9/14/2024,9/14/2024,TRUE,"Churchill Downs, 700 Central Ave, Louisville, KY 40208"
Pocahontas S.-G3,9/14/2024,9/14/2024,TRUE,"Churchill Downs, 700 Central Ave, Louisville, KY 40208"
Locust Grove S.-G2,9/14/2024,9/14/2024,TRUE,"Churchill Downs, 700 Central Ave, Louisville, KY 40208"
Week #17 Nominations Close (BAQ),9/14/2024,9/14/2024,TRUE,
Week #17 Nominations Close (CD),9/14/2024,9/14/2024,TRUE,
Week #17 Nominations Close (SA),9/14/2024,9/14/2024,TRUE,
Week #18 Nominations Close (KEE),9/18/2024,9/18/2024,TRUE,
Cotillion S.-G1,9/21/2024,9/21/2024,TRUE,"Parx Racing, 2999 Street Rd, Bensalem, PA 19020"
Pennsylvania Derby-G1,9/21/2024,9/21/2024,TRUE,"Parx Racing, 2999 Street Rd, Bensalem, PA 19020"
Gallant Bob S.-G2,9/21/2024,9/21/2024,TRUE,"Parx Racing, 2999 Street Rd, Bensalem, PA 19020"
Greenwood Cup S.-G3,9/21/2024,9/21/2024,TRUE,"Parx Racing, 2999 Street Rd, Bensalem, PA 19020"
Princess Rooney Invt'l-G3,9/21/2024,9/21/2024,TRUE,"Gulfstream Park, 901 S Federal Hwy, Hallandale Beach, FL 33009"
Dogwood S.-G3,9/21/2024,9/21/2024,TRUE,"Churchill Downs, 700 Central Ave, Louisville, KY 40208"
Week #18 Nominations Close (BAQ),9/21/2024,9/21/2024,TRUE,
Oklahoma Derby-G3,9/22/2024,9/22/2024,TRUE,"Remington Park, 1 Remington Pl, Oklahoma City, OK 73111"
Draft #6 Opens,9/24/2024,9/24/2024,TRUE,
Week #18 Nominations Close (SA),9/26/2024,9/26/2024,TRUE,
Chillingworth S.-G3,9/27/2024,9/27/2024,TRUE,"Santa Anita Park, 285 W Huntington Dr, Arcadia, CA 91007"
Draft #6 Closes,9/27/2024,9/27/2024,TRUE,
Awesome Again S.-G1,9/28/2024,9/28/2024,TRUE,"Santa Anita Park, 285 W Huntington Dr, Arcadia, CA 91007"
Santa Anita Sprint Champ. S.-G2,9/28/2024,9/28/2024,TRUE,"Santa Anita Park, 285 W Huntington Dr, Arcadia, CA 91007"
Lukas Classic-G2,9/28/2024,9/28/2024,TRUE,"Churchill Downs, 700 Central Ave, Louisville, KY 40208"
Ack Ack S.-G3,9/28/2024,9/28/2024,TRUE,"Churchill Downs, 700 Central Ave, Louisville, KY 40208"
Woodward S.-G2,9/28/2024,9/28/2024,TRUE,"Aqueduct Racetrack, 11000 Rockaway Blvd, Jamaica, NY 11420"
Gallant Bloom H.-G2,9/28/2024,9/28/2024,TRUE,"Aqueduct Racetrack, 11000 Rockaway Blvd, Jamaica, NY 11420"
Vosburgh S.-G3,9/28/2024,9/28/2024,TRUE,"Aqueduct Racetrack, 11000 Rockaway Blvd, Jamaica, NY 11420"
Zenyatta S.-G2,9/29/2024,9/29/2024,TRUE,"Santa Anita Park, 285 W Huntington Dr, Arcadia, CA 91007"
Tokyo City Cup-G3,9/29/2024,9/29/2024,TRUE,"Santa Anita Park, 285 W Huntington Dr, Arcadia, CA 91007"
Week #20 Nominations Close (KEE),10/2/2024,10/2/2024,TRUE,
Darley Alcibiades S.-G1,10/4/2024,10/4/2024,TRUE,"Keeneland Race Track, Lexington, KY 40510"
S. K. Ogden Phoenix S.-G2,10/4/2024,10/4/2024,TRUE,"Keeneland Race Track, Lexington, KY 40510"
Champagne S.-G1,10/5/2024,10/5/2024,TRUE,"Aqueduct Racetrack, 11000 Rockaway Blvd, Jamaica, NY 11420"
Frizette S.-G1,10/5/2024,10/5/2024,TRUE,"Aqueduct Racetrack, 11000 Rockaway Blvd, Jamaica, NY 11420"
American Pharoah S.-G1,10/5/2024,10/5/2024,TRUE,"Santa Anita Park, 285 W Huntington Dr, Arcadia, CA 91007"
Chandelier S.-G2,10/5/2024,10/5/2024,TRUE,"Santa Anita Park, 285 W Huntington Dr, Arcadia, CA 91007"
Claiborne Breed. Fut.-G1,10/5/2024,10/5/2024,TRUE,"Keeneland Race Track, Lexington, KY 40510"
T'bred Club of America S.-G2,10/5/2024,10/5/2024,TRUE,"Keeneland Race Track, Lexington, KY 40510"
Beldame S.-G2,10/6/2024,10/6/2024,TRUE,"Aqueduct Racetrack, 11000 Rockaway Blvd, Jamaica, NY 11420"
Juddmonte Spinster S.-G1,10/6/2024,10/6/2024,TRUE,"Keeneland Race Track, Lexington, KY 40510"
Perryville S.-G3,10/19/2024,10/19/2024,TRUE,"Keeneland Race Track, Lexington, KY 40510"
Lexus Raven Run S.-G2,10/19/2024,10/19/2024,TRUE,"Keeneland Race Track, Lexington, KY 40510"
Industry Note: Pre-Entry Deadline for Breeders’ Cup World Championships at Santa Anita.,10/21/2024,10/21/2024,TRUE,
Industry Note: Entry Deadline for Breeders' Cup World Championships,10/28/2024,10/28/2024,TRUE,
Draft #7 Opens,10/29/2024,10/29/2024,TRUE,
Draft #7 Closes,10/31/2024,10/31/2024,TRUE,
BC JUVENILE-G1,11/1/2024,11/1/2024,TRUE,"Del Mar Racing, 2260 Jimmy Durante Blvd, Del Mar, CA 92014"
BC JUVY FILLIES-G1,11/1/2024,11/1/2024,TRUE,"Del Mar Racing, 2260 Jimmy Durante Blvd, Del Mar, CA 92014"
BC F&M SPRINT-G1,11/2/2024,11/2/2024,TRUE,"Del Mar Racing, 2260 Jimmy Durante Blvd, Del Mar, CA 92014"
BC DISTAFF-G1,11/2/2024,11/2/2024,TRUE,"Del Mar Racing, 2260 Jimmy Durante Blvd, Del Mar, CA 92014"
BC SPRINT-G1,11/2/2024,11/2/2024,TRUE,"Del Mar Racing, 2260 Jimmy Durante Blvd, Del Mar, CA 92014"
BC DIRT MILE-G1,11/2/2024,11/2/2024,TRUE,"Del Mar Racing, 2260 Jimmy Durante Blvd, Del Mar, CA 92014"
BC CLASSIC-G1,11/2/2024,11/2/2024,TRUE,"Del Mar Racing, 2260 Jimmy Durante Blvd, Del Mar, CA 92014"
