Subject,Start Date,End Date,All Day Event,Location
Week #1 Nominations Close (CD),5/28/2025,5/28/2025,TRUE,
Week #1 Nominations Close (SA),5/29/2025,5/29/2025,TRUE,
Week #2 Nominations Close (MTH),6/1/2025,6/1/2025,TRUE,
"RTTBC25 DRAFT #1 (7 Horses, 2 Trainers, 2 Jockeys, 2 Sires)",6/2/2025,6/6/2025,TRUE,
Ogden Phipps S.-G1,6/6/2025,6/6/2025,TRUE,"Saratoga Racetrack, 267 Union Ave, Saratoga Springs, NY 12866"
Bed o' Roses Invitational-G2,6/6/2025,6/6/2025,TRUE,"Saratoga Racetrack, 267 Union Ave, Saratoga Springs, NY 12866"
Acorn S.-G1,6/6/2025,6/6/2025,TRUE,"Saratoga Racetrack, 267 Union Ave, Saratoga Springs, NY 12866"
RTTBC25 WEEK #1,6/6/2025,6/8/2025,TRUE,
Summertime Oaks-G3,6/7/2025,6/7/2025,TRUE,"Santa Anita Park, 285 W Huntington Dr, Arcadia, CA 91007"
Belmont S.-G1,6/7/2025,6/7/2025,TRUE,"Saratoga Racetrack, 267 Union Ave, Saratoga Springs, NY 12866"
True North H.-G3,6/7/2025,6/7/2025,TRUE,"Saratoga Racetrack, 267 Union Ave, Saratoga Springs, NY 12866"
Woody Stephens S.-G1,6/7/2025,6/7/2025,TRUE,"Saratoga Racetrack, 267 Union Ave, Saratoga Springs, NY 12866"
Metropolitan H.-G1,6/7/2025,6/7/2025,TRUE,"Saratoga Racetrack, 267 Union Ave, Saratoga Springs, NY 12866"
Matt Winn S.-G3,6/8/2025,6/8/2025,TRUE,"Churchill Downs, 700 Central Ave, Louisville, KY 40208"
Weeks #3-4 Nominations Close (CD),6/11/2025,6/11/2025,TRUE,
Week #3 Nominations Close (TDN),6/11/2025,6/11/2025,TRUE,
Delaware Oaks-G3,6/14/2025,6/14/2025,TRUE,"Delaware Park, 777 Delaware Park Blvd, Wilmington, DE 19804"
Salvator Mile-G3,6/14/2025,6/14/2025,TRUE,"Monmouth Park, 175 Oceanport Ave, Oceanport, NJ 07757"
RTTBC25 WEEK #2,6/14/2025,6/14/2025,TRUE,
Week #14 Nominations Close (DMR),6/20/2025,6/20/2025,TRUE,
Week #5 Nominations Close (IND),6/20/2025,6/20/2025,TRUE,
Chicago H.-G2,6/21/2025,6/21/2025,TRUE,"Churchill Downs, 700 Central Ave, Louisville, KY 40208"
Ohio Derby-G3,6/21/2025,6/21/2025,TRUE,"Thistledown, 21501 Emery Rd, North Randall, OH 44128"
RTTBC25 WEEK #3,6/21/2025,6/21/2025,TRUE,
Week #5 Nominations Close (DEL),6/21/2025,6/21/2025,TRUE,
Week #5 Nominations Close (PRM),6/21/2025,6/21/2025,TRUE,
Week #5 Nominations Close (SAR),6/21/2025,6/21/2025,TRUE,
RTTBC25 DRAFT #2 (4 Horses),6/24/2025,6/28/2025,TRUE,
Week #5 Nominations Close (LRC),6/26/2025,6/26/2025,TRUE,
Week #7 Nominations Close (Haskell),6/27/2025,6/27/2025,TRUE,
Fleur de Lis S.-G2,6/28/2025,6/28/2025,TRUE,"Churchill Downs, 700 Central Ave, Louisville, KY 40208"
Kelly's Landing S.-G3,6/28/2025,6/28/2025,TRUE,"Churchill Downs, 700 Central Ave, Louisville, KY 40208"
Stephen Foster S.-G1,6/28/2025,6/28/2025,TRUE,"Churchill Downs, 700 Central Ave, Louisville, KY 40208"
RTTBC25 WEEK #4,6/28/2025,6/28/2025,TRUE,
Victory Ride S.-G3,7/3/2025,7/3/2025,TRUE,"Saratoga Racetrack, 267 Union Ave, Saratoga Springs, NY 12866"
RTTBC25 WEEK #5,7/3/2025,7/5/2025,TRUE,
Suburban S.-G2,7/4/2025,7/4/2025,TRUE,"Saratoga Racetrack, 267 Union Ave, Saratoga Springs, NY 12866"
Week #7 Nominations Close (MTH),7/4/2025,7/4/2025,TRUE,
Indiana Oaks-G3,7/5/2025,7/5/2025,TRUE,"Horseshoe Indianapolis, 4200 N Michigan Rd, Shelbyville, IN 46176"
Indiana Derby-G3,7/5/2025,7/5/2025,TRUE,"Horseshoe Indianapolis, 4200 N Michigan Rd, Shelbyville, IN 46176"
Great Lady M S.-G2 (DATE TBD),7/5/2025,7/5/2025,TRUE,"Los Alamitos Race Course, 4961 Katella Ave, Cypress, CA 90720"
Prairie Meadows Cornhusker H.-G3,7/5/2025,7/5/2025,TRUE,"Prairie Meadows, 1 Prairie Meadows Dr, Altoona, IA 50009"
Sanford S.-G3,7/5/2025,7/5/2025,TRUE,"Saratoga Racetrack, 267 Union Ave, Saratoga Springs, NY 12866"
Week #7 Nominations Close (SAR),7/5/2025,7/5/2025,TRUE,
Week #7 Nominations Close (DMR),7/10/2025,7/10/2025,TRUE,
RTTBC25 WEEK #6 (No Races),7/12/2025,7/12/2025,TRUE,
Week #8 Nominations Close (MTH),7/12/2025,7/12/2025,TRUE,
Week #7 Nominations Close (Hon. Miss),7/12/2025,7/12/2025,TRUE,
Week #8 Nominations Close (SAR),7/12/2025,7/12/2025,TRUE,
RTTBC25 DRAFT #3 (4 Horses),7/15/2025,7/19/2025,TRUE,
Week #8 Nominations Close (DMR),7/17/2025,7/17/2025,TRUE,
Shuvee S.-G2,7/18/2025,7/18/2025,TRUE,"Saratoga Racetrack, 267 Union Ave, Saratoga Springs, NY 12866"
RTTBC25 WEEK #7,7/18/2025,7/24/2025,TRUE,
Molly Pitcher S.-G3,7/19/2025,7/19/2025,TRUE,"Monmouth Park, 175 Oceanport Ave, Oceanport, NJ 07757"
Monmouth Cup S.-G3,7/19/2025,7/19/2025,TRUE,"Monmouth Park, 175 Oceanport Ave, Oceanport, NJ 07757"
Haskell S.-G1,7/19/2025,7/19/2025,TRUE,"Monmouth Park, 175 Oceanport Ave, Oceanport, NJ 07757"
CC American Oaks-G1,7/19/2025,7/19/2025,TRUE,"Saratoga Racetrack, 267 Union Ave, Saratoga Springs, NY 12866"
Alfred G. Vanderbilt H.-G2,7/19/2025,7/19/2025,TRUE,"Saratoga Racetrack, 267 Union Ave, Saratoga Springs, NY 12866"
Week #9 Nominations Close (SAR),7/19/2025,7/19/2025,TRUE,
Honorable Miss H.-G2,7/20/2025,7/20/2025,TRUE,"Saratoga Racetrack, 267 Union Ave, Saratoga Springs, NY 12866"
Week #9 Nominations Close (MNR),7/22/2025,7/22/2025,TRUE,
Cougar II H.-G3 (DATE TBD),7/24/2025,7/24/2025,TRUE,"Del Mar Racing, 2260 Jimmy Durante Blvd, Del Mar, CA 92014"
Amsterdam S.-G2,7/25/2025,7/25/2025,TRUE,"Saratoga Racetrack, 267 Union Ave, Saratoga Springs, NY 12866"
RTTBC25 WEEK #8,7/25/2025,7/26/2025,TRUE,
Week #9 Nominations Close (DMR),7/25/2025,7/25/2025,TRUE,
San Diego H.-G2,7/26/2025,7/26/2025,TRUE,"Del Mar Racing, 2260 Jimmy Durante Blvd, Del Mar, CA 92014"
Bing Crosby S.-G1,7/26/2025,7/26/2025,TRUE,"Del Mar Racing, 2260 Jimmy Durante Blvd, Del Mar, CA 92014"
Monmouth Oaks-G3,7/26/2025,7/26/2025,TRUE,"Monmouth Park, 175 Oceanport Ave, Oceanport, NJ 07757"
Jim Dandy S.-G2,7/26/2025,7/26/2025,TRUE,"Saratoga Racetrack, 267 Union Ave, Saratoga Springs, NY 12866"
RTTBC25 DRAFT #4 (4 Horses),7/29/2025,8/2/2025,TRUE,
Week #10 Nominations Close (DMR),7/31/2025,7/31/2025,TRUE,
Week #12 Nominations Close (CT),8/1/2025,8/1/2025,TRUE,
Week #11 Nominations Close (MTH),8/1/2025,8/1/2025,TRUE,
Clement L. Hirsch S.-G1,8/2/2025,8/2/2025,TRUE,"Del Mar Racing, 2260 Jimmy Durante Blvd, Del Mar, CA 92014"
Saratoga Special S.-G2,8/2/2025,8/2/2025,TRUE,"Saratoga Racetrack, 267 Union Ave, Saratoga Springs, NY 12866"
Test S.-G1,8/2/2025,8/2/2025,TRUE,"Saratoga Racetrack, 267 Union Ave, Saratoga Springs, NY 12866"
Whitney H.-G1,8/2/2025,8/2/2025,TRUE,"Saratoga Racetrack, 267 Union Ave, Saratoga Springs, NY 12866"
RTTBC25 WEEK #9,8/2/2025,8/3/2025,TRUE,
Week #11 Nominations Close (SAR),8/2/2025,8/2/2025,TRUE,
West Virginia Derby-G3 (DATE TBD),8/3/2025,8/3/2025,TRUE,"Mountaineer Race Track, 1420 Mountaineer Cir, New Cumberland, WV 26047"
Adirondack S.-G3,8/3/2025,8/3/2025,TRUE,"Saratoga Racetrack, 267 Union Ave, Saratoga Springs, NY 12866"
Best Pal S.-G3,8/9/2025,8/9/2025,TRUE,"Del Mar Racing, 2260 Jimmy Durante Blvd, Del Mar, CA 92014"
RTTBC25 WEEK #10,8/9/2025,8/10/2025,TRUE,
Week #12 Nominations Close (SAR),8/9/2025,8/9/2025,TRUE,
Sorrento S.-G3,8/10/2025,8/10/2025,TRUE,"Del Mar Racing, 2260 Jimmy Durante Blvd, Del Mar, CA 92014"
Week #12 Nominations Close (DMR),8/14/2025,8/14/2025,TRUE,
Philip H. Iselin S.-G3,8/16/2025,8/16/2025,TRUE,"Monmouth Park, 175 Oceanport Ave, Oceanport, NJ 07757"
Alabama S.-G1,8/16/2025,8/16/2025,TRUE,"Saratoga Racetrack, 267 Union Ave, Saratoga Springs, NY 12866"
RTTBC25 WEEK #11,8/16/2025,8/16/2025,TRUE,
Week #13 Nominations Close (SAR),8/16/2025,8/16/2025,TRUE,
RTTBC25 DRAFT #5 (4 Horses),8/19/2025,8/22/2025,TRUE,
Week #13 Nominations Close (DMR),8/21/2025,8/21/2025,TRUE,
Charles Town Classic S.-G2,8/22/2025,8/22/2025,TRUE,"Charles Town Racing, Hollywood Dr, Charles Town, WV 25438"
Charles Town Oaks S.-G2,8/22/2025,8/22/2025,TRUE,"Charles Town Racing, Hollywood Dr, Charles Town, WV 25438"
RTTBC25 WEEK #12,8/22/2025,8/24/2025,TRUE,
Pat O'Brien S.-G2,8/23/2025,8/23/2025,TRUE,"Del Mar Racing, 2260 Jimmy Durante Blvd, Del Mar, CA 92014"
Personal Ensign S.-G1,8/23/2025,8/23/2025,TRUE,"Saratoga Racetrack, 267 Union Ave, Saratoga Springs, NY 12866"
Forego S.-G1,8/23/2025,8/23/2025,TRUE,"Saratoga Racetrack, 267 Union Ave, Saratoga Springs, NY 12866"
H. A. Jerkens Mem. S.-G1,8/23/2025,8/23/2025,TRUE,"Saratoga Racetrack, 267 Union Ave, Saratoga Springs, NY 12866"
Ballerina H.-G1,8/23/2025,8/23/2025,TRUE,"Saratoga Racetrack, 267 Union Ave, Saratoga Springs, NY 12866"
Travers S.-G1,8/23/2025,8/23/2025,TRUE,"Saratoga Racetrack, 267 Union Ave, Saratoga Springs, NY 12866"
Rancho Bernardo H.-G3,8/24/2025,8/24/2025,TRUE,"Del Mar Racing, 2260 Jimmy Durante Blvd, Del Mar, CA 92014"
"RTTBC25 DRAFT #6 (4 Horses, 1 Trainer, 1 Jockey, 1 Sire)",8/26/2025,8/30/2025,TRUE,
Week #15 Nominations Close (CD),8/27/2025,8/27/2025,TRUE,
Pacific Classic-G1,8/30/2025,8/30/2025,TRUE,"Del Mar Racing, 2260 Jimmy Durante Blvd, Del Mar, CA 92014"
Torrey Pines S.-G3,8/30/2025,8/30/2025,TRUE,"Del Mar Racing, 2260 Jimmy Durante Blvd, Del Mar, CA 92014"
Prioress S.-G3,8/30/2025,8/30/2025,TRUE,"Saratoga Racetrack, 267 Union Ave, Saratoga Springs, NY 12866"
Spinaway S.-G1,8/30/2025,8/30/2025,TRUE,"Saratoga Racetrack, 267 Union Ave, Saratoga Springs, NY 12866"
RTTBC25 WEEK #13,8/30/2025,9/1/2025,TRUE,
Jockey Club Gold Cup-G1,8/31/2025,8/31/2025,TRUE,"Saratoga Racetrack, 267 Union Ave, Saratoga Springs, NY 12866"
Week #16 Nominations Close (GP),8/31/2025,8/31/2025,TRUE,
Hopeful S.-G1,9/1/2025,9/1/2025,TRUE,"Saratoga Racetrack, 267 Union Ave, Saratoga Springs, NY 12866"
Week #16 Nominations Close (CD),9/3/2025,9/3/2025,TRUE,
Week #16 Nominations Close (PRX),9/3/2025,9/3/2025,TRUE,
Del Mar Debutante S.-G1,9/6/2025,9/6/2025,TRUE,"Del Mar Racing, 2260 Jimmy Durante Blvd, Del Mar, CA 92014"
RTTBC25 WEEK #14,9/6/2025,9/7/2025,TRUE,
Del Mar Futurity-G1,9/7/2025,9/7/2025,TRUE,"Del Mar Racing, 2260 Jimmy Durante Blvd, Del Mar, CA 92014"
Week #16 Nominations Close (RP),9/12/2025,9/12/2025,TRUE,
Iroquois S.-G3,9/13/2025,9/13/2025,TRUE,"Churchill Downs, 700 Central Ave, Louisville, KY 40208"
Pocahontas S.-G3,9/13/2025,9/13/2025,TRUE,"Churchill Downs, 700 Central Ave, Louisville, KY 40208"
Locust Grove S.-G2,9/13/2025,9/13/2025,TRUE,"Churchill Downs, 700 Central Ave, Louisville, KY 40208"
RTTBC25 WEEK #15,9/13/2025,9/13/2025,TRUE,
Week #17 Nominations Close (BAQ),9/13/2025,9/13/2025,TRUE,
Week #17 Nominations Close (CD),9/13/2025,9/13/2025,TRUE,
Week #17 Nominations Close (SA),9/13/2025,9/13/2025,TRUE,
Week #18 Nominations Close (KEE),9/17/2025,9/17/2025,TRUE,
Dogwood S.-G3,9/20/2025,9/20/2025,TRUE,"Churchill Downs, 700 Central Ave, Louisville, KY 40208"
Princess Rooney Invt'l-G3,9/20/2025,9/20/2025,TRUE,"Gulfstream Park, 901 S Federal Hwy, Hallandale Beach, FL 33009"
Cotillion S.-G1,9/20/2025,9/20/2025,TRUE,"Parx Racing, 2999 Street Rd, Bensalem, PA 19020"
Pennsylvania Derby-G1,9/20/2025,9/20/2025,TRUE,"Parx Racing, 2999 Street Rd, Bensalem, PA 19020"
Gallant Bob S.-G2,9/20/2025,9/20/2025,TRUE,"Parx Racing, 2999 Street Rd, Bensalem, PA 19020"
Greenwood Cup S.-G3,9/20/2025,9/20/2025,TRUE,"Parx Racing, 2999 Street Rd, Bensalem, PA 19020"
RTTBC25 WEEK #16,9/20/2025,9/20/2025,TRUE,
Week #18 Nominations Close (BAQ),9/20/2025,9/20/2025,TRUE,
Week #18 Nominations Close (SA),9/20/2025,9/20/2025,TRUE,
RTTBC25 DRAFT #7 (4 Horses),9/23/2025,9/27/2025,TRUE,
Woodward S.-G2,9/27/2025,9/27/2025,TRUE,"Aqueduct Racetrack, 11000 Rockaway Blvd, Jamaica, NY 11420"
Vosburgh S.-G3,9/27/2025,9/27/2025,TRUE,"Aqueduct Racetrack, 11000 Rockaway Blvd, Jamaica, NY 11420"
Lukas Classic-G2,9/27/2025,9/27/2025,TRUE,"Churchill Downs, 700 Central Ave, Louisville, KY 40208"
Ack Ack S.-G3,9/27/2025,9/27/2025,TRUE,"Churchill Downs, 700 Central Ave, Louisville, KY 40208"
California Crown S.-G1,9/27/2025,9/27/2025,TRUE,"Santa Anita Park, 285 W Huntington Dr, Arcadia, CA 91007"
RTTBC25 WEEK #17,9/27/2025,9/28/2025,TRUE,
Gallant Bloom H.-G2,9/28/2025,9/28/2025,TRUE,"Aqueduct Racetrack, 11000 Rockaway Blvd, Jamaica, NY 11420"
Delaware H.-G3,9/28/2025,9/28/2025,TRUE,"Delaware Park, 777 Delaware Park Blvd, Wilmington, DE 19804"
Oklahoma Derby-G3,9/28/2025,9/28/2025,TRUE,"Remington Park, 1 Remington Pl, Oklahoma City, OK 73111"
Zenyatta S.-G2,9/28/2025,9/28/2025,TRUE,"Santa Anita Park, 285 W Huntington Dr, Arcadia, CA 91007"
Santa Anita Sprint Champ. S.-G2,9/28/2025,9/28/2025,TRUE,"Santa Anita Park, 285 W Huntington Dr, Arcadia, CA 91007"
Week #20 Nominations Close (KEE),10/1/2025,10/1/2025,TRUE,
Darley Alcibiades S.-G1,10/3/2025,10/3/2025,TRUE,"Keeneland Race Track, Lexington, KY 40510"
S. K. Ogden Phoenix S.-G2,10/3/2025,10/3/2025,TRUE,"Keeneland Race Track, Lexington, KY 40510"
RTTBC25 WEEK #18,10/3/2025,10/5/2025,TRUE,
Champagne S.-G1,10/4/2025,10/4/2025,TRUE,"Aqueduct Racetrack, 11000 Rockaway Blvd, Jamaica, NY 11420"
Frizette S.-G1,10/4/2025,10/4/2025,TRUE,"Aqueduct Racetrack, 11000 Rockaway Blvd, Jamaica, NY 11420"
Claiborne Breed. Fut.-G1,10/4/2025,10/4/2025,TRUE,"Keeneland Race Track, Lexington, KY 40510"
T'bred Club of America S.-G2,10/4/2025,10/4/2025,TRUE,"Keeneland Race Track, Lexington, KY 40510"
American Pharoah S.-G1,10/4/2025,10/4/2025,TRUE,"Santa Anita Park, 285 W Huntington Dr, Arcadia, CA 91007"
Oak Leaf S.-G2,10/4/2025,10/4/2025,TRUE,"Santa Anita Park, 285 W Huntington Dr, Arcadia, CA 91007"
Chillingworth S.-G3,10/4/2025,10/4/2025,TRUE,"Santa Anita Park, 285 W Huntington Dr, Arcadia, CA 91007"
Beldame S.-G2,10/5/2025,10/5/2025,TRUE,"Aqueduct Racetrack, 11000 Rockaway Blvd, Jamaica, NY 11420"
Juddmonte Spinster S.-G1,10/5/2025,10/5/2025,TRUE,"Keeneland Race Track, Lexington, KY 40510"
Tokyo City Cup-G3,10/5/2025,10/5/2025,TRUE,"Santa Anita Park, 285 W Huntington Dr, Arcadia, CA 91007"
RTTBC25 WEEK #19 (No Races),10/11/2025,10/11/2025,TRUE,
Perryville S.-G3,10/18/2025,10/18/2025,TRUE,"Keeneland Race Track, Lexington, KY 40510"
Lexus Raven Run S.-G2,10/18/2025,10/18/2025,TRUE,"Keeneland Race Track, Lexington, KY 40510"
RTTBC25 WEEK #20,10/18/2025,10/18/2025,TRUE,
Industry Note: Pre-Entry Deadline for Breeders’ Cup World Championships.,10/20/2025,10/20/2025,TRUE,
Industry Note: Entry Deadline for Breeders' Cup World Championships,10/27/2025,10/27/2025,TRUE,
RTTBC25 DRAFT #8 (4 Horses),10/28/2025,10/31/2025,TRUE,
BC JUVENILE-G1,10/31/2025,10/31/2025,TRUE,"Del Mar Racing, 2260 Jimmy Durante Blvd, Del Mar, CA 92014"
BC JUVY FILLIES-G1,10/31/2025,10/31/2025,TRUE,"Del Mar Racing, 2260 Jimmy Durante Blvd, Del Mar, CA 92014"
RTTBC25 CHAMPIONSHIP WEEK,10/31/2025,11/1/2025,TRUE,
BC F&M SPRINT-G1,11/1/2025,11/1/2025,TRUE,"Del Mar Racing, 2260 Jimmy Durante Blvd, Del Mar, CA 92014"
BC DISTAFF-G1,11/1/2025,11/1/2025,TRUE,"Del Mar Racing, 2260 Jimmy Durante Blvd, Del Mar, CA 92014"
BC SPRINT-G1,11/1/2025,11/1/2025,TRUE,"Del Mar Racing, 2260 Jimmy Durante Blvd, Del Mar, CA 92014"
BC DIRT MILE-G1,11/1/2025,11/1/2025,TRUE,"Del Mar Racing, 2260 Jimmy Durante Blvd, Del Mar, CA 92014"
BC CLASSIC-G1,11/1/2025,11/1/2025,TRUE,"Del Mar Racing, 2260 Jimmy Durante Blvd, Del Mar, CA 92014"
